"id","origin","class","Alcohol","Malic.acid","Ash","Alcanility.of.ash","Magnesium","Total.phenols","Flavanoids","Nonflavanoid.phenols","Proanthocyanins","Color.intensity","Hue","OD280.OD315.of.diluted.wines","Proline","Origin1","Origin2","Origin3","Source","origin.1","id.1","propensity_to_buy"
1,"Origin1",1,14.37,1.95,2.5,16.8,113,3.85,3.49,0.24,2.18,7.8,0.86,3.45,1480,1,0,0,"Origin1","Origin1",1,"1"
2,"Origin1",1,14.2,1.76,2.45,15.2,112,3.27,3.39,0.34,1.97,6.75,1.05,2.85,1450,0.994,0.004,0.002,"Origin1","Origin1",2,"1"
3,"Origin1",1,14.06,2.15,2.61,17.6,121,2.6,2.51,0.31,1.25,5.05,1.06,3.58,1295,1,0,0,"Origin1","Origin1",3,"1"
4,"Origin1",1,13.64,3.1,2.56,15.2,116,2.7,3.03,0.17,1.66,5.1,0.96,3.36,845,1,0,0,"Origin1","Origin1",4,"1"
5,"Origin1",1,14.06,1.63,2.28,16,126,3,3.17,0.24,2.1,5.65,1.09,3.71,780,1,0,0,"Origin1","Origin1",5,"1"
6,"Origin1",1,12.85,1.6,2.52,17.8,95,2.48,2.37,0.26,1.46,3.93,1.09,3.63,1015,1,0,0,"Origin1","Origin1",6,"1"
7,"Origin1",1,13.87,1.9,2.8,19.4,107,2.95,2.97,0.37,1.76,4.5,1.25,3.4,915,0.996,0.004,0,"Origin1","Origin1",7,"1"
8,"Origin1",1,13.73,1.5,2.7,22.5,101,3,3.25,0.29,2.38,5.7,1.19,2.71,1285,0.998,0.002,0,"Origin1","Origin1",8,"1"
9,"Origin1",1,13.51,1.8,2.65,19,110,2.35,2.53,0.29,1.54,4.2,1.1,2.87,1095,1,0,0,"Origin1","Origin1",9,"1"
10,"Origin1",1,13.05,1.65,2.55,18,98,2.45,2.43,0.29,1.44,4.25,1.12,2.51,1105,1,0,0,"Origin1","Origin1",10,"1"
11,"Origin1",1,13.88,1.89,2.59,15,101,3.25,3.56,0.17,1.7,5.43,0.88,3.56,1095,0.996,0.002,0.002,"Origin1","Origin1",11,"1"
12,"Origin1",1,14.21,4.04,2.44,18.9,111,2.85,2.65,0.3,1.25,5.24,0.87,3.33,1080,1,0,0,"Origin1","Origin1",12,"1"
13,"Origin1",1,14.38,3.59,2.28,16,102,3.25,3.17,0.27,2.19,4.9,1.04,3.44,1065,1,0,0,"Origin1","Origin1",13,"1"
14,"Origin1",1,14.1,2.02,2.4,18.8,103,2.75,2.92,0.32,2.38,6.2,1.07,2.75,1060,1,0,0,"Origin1","Origin1",14,"1"
15,"Origin1",1,13.94,1.73,2.27,17.4,108,2.88,3.54,0.32,2.08,8.9,1.12,3.1,1260,1,0,0,"Origin1","Origin1",15,"1"
16,"Origin1",1,13.05,1.73,2.04,12.4,92,2.72,3.27,0.17,2.91,7.2,1.12,2.91,1150,1,0,0,"Origin1","Origin1",16,"1"
17,"Origin1",1,13.83,1.65,2.6,17.2,94,2.45,2.99,0.22,2.29,5.6,1.24,3.37,1265,1,0,0,"Origin1","Origin1",17,"1"
18,"Origin1",1,13.74,1.67,2.25,16.4,118,2.6,2.9,0.21,1.62,5.85,0.92,3.2,1060,1,0,0,"Origin1","Origin1",18,"1"
19,"Origin1",1,14.22,1.7,2.3,16.3,118,3.2,3,0.26,2.03,6.38,0.94,3.31,970,1,0,0,"Origin1","Origin1",68,"1"
55,"Origin1",1,14.23,1.71,2.43,15.6,127,2.8,3.06,0.28,2.29,5.64,1.04,3.92,1065,1,0,0,"Origin1","Origin1",69,"1"
56,"Origin1",1,13.24,2.59,2.87,21,118,2.8,2.69,0.39,1.82,4.32,1.04,2.93,735,0.998,0.002,0,"Origin1","Origin1",70,"1"
57,"Origin1",1,14.1,2.16,2.3,18,105,2.95,3.32,0.22,2.38,5.75,1.25,3.17,1510,1,0,0,"Origin1","Origin1",71,"1"
58,"Origin1",1,14.12,1.48,2.32,16.8,95,2.2,2.43,0.26,1.57,5,1.17,2.82,1280,1,0,0,"Origin1","Origin1",72,"1"
59,"Origin1",1,14.75,1.73,2.39,11.4,91,3.1,3.69,0.43,2.81,5.4,1.25,2.73,1150,0.998,0.002,0,"Origin1","Origin1",73,"1"
60,"Origin1",1,13.63,1.81,2.7,17.2,112,2.85,2.91,0.3,1.46,7.3,1.28,2.88,1310,1,0,0,"Origin1","Origin1",74,"1"
61,"Origin1",1,14.19,1.59,2.48,16.5,108,3.3,3.93,0.32,1.86,8.7,1.23,2.82,1680,1,0,0,"Origin1","Origin1",78,"1"
62,"Origin1",1,12.93,3.8,2.65,18.6,102,2.41,2.41,0.25,1.98,4.5,1.03,3.52,770,1,0,0,"Origin1","Origin1",79,"1"
63,"Origin1",1,13.05,2.05,3.22,25,124,2.63,2.68,0.47,1.92,3.58,1.13,3.2,830,0.988,0.012,0,"Origin1","Origin1",80,"1"
64,"Origin1",1,13.76,1.53,2.7,19.5,132,2.95,2.74,0.5,1.35,5.4,1.25,3,1235,1,0,0,"Origin1","Origin1",81,"1"
65,"Origin1",1,13.48,1.81,2.41,20.5,100,2.7,2.98,0.26,1.86,5.1,1.04,3.47,920,1,0,0,"Origin1","Origin1",82,"1"
66,"Origin1",1,13.28,1.64,2.84,15.5,110,2.6,2.68,0.34,1.36,4.6,1.09,2.78,880,1,0,0,"Origin1","Origin1",83,"1"
67,"Origin1",1,13.05,1.65,2.55,18,98,2.45,2.43,0.29,1.44,4.25,1.12,2.51,1105,1,0,0,"Origin1","Origin1",84,"1"
68,"Origin1",1,13.07,1.5,2.1,15.5,98,2.4,2.64,0.28,1.37,3.7,1.18,2.69,1020,1,0,0,"Origin1","Origin1",85,"1"
69,"Origin1",1,13.41,3.84,2.12,18.8,90,2.45,2.68,0.27,1.48,4.28,0.91,3,1035,1,0,0,"Origin1","Origin1",86,"1"
70,"Origin1",1,14.21,4.04,2.44,18.9,111,2.85,2.65,0.3,1.25,5.24,0.87,3.33,1080,0.996,0.004,0,"Origin1","Origin1",87,"1"
71,"Origin1",1,13.94,1.73,2.27,17.4,108,2.88,3.54,0.32,2.08,8.9,1.12,3.1,1260,1,0,0,"Origin1","Origin1",88,"1"
72,"Origin1",1,13.05,1.73,2.04,12.4,92,2.72,3.27,0.17,2.91,7.2,1.12,2.91,1150,1,0,0,"Origin1","Origin1",89,"1"
73,"Origin1",1,13.77,1.9,2.68,17.1,115,3,2.79,0.39,1.68,6.3,1.13,2.93,1375,1,0,0,"Origin1","Origin1",90,"1"
74,"Origin1",1,13.56,1.73,2.46,20.5,116,2.96,2.78,0.2,2.45,6.25,0.98,3.03,1120,1,0,0,"Origin1","Origin1",91,"1"
124,"Origin1",1,14.06,1.63,2.28,16,126,3,3.17,0.24,2.1,5.65,1.09,3.71,780,1,0,0,"Origin1","Origin1",92,"1"
125,"Origin1",1,13.3,1.72,2.14,17,94,2.4,2.19,0.27,1.35,3.95,1.02,2.77,1285,1,0,0,"Origin1","Origin1",93,"1"
126,"Origin1",1,13.76,1.53,2.7,19.5,132,2.95,2.74,0.5,1.35,5.4,1.25,3,1235,1,0,0,"Origin1","Origin1",94,"1"
127,"Origin1",1,13.28,1.64,2.84,15.5,110,2.6,2.68,0.34,1.36,4.6,1.09,2.78,880,1,0,0,"Origin1","Origin1",95,"1"
128,"Origin1",1,13.56,1.71,2.31,16.2,117,3.15,3.29,0.34,2.34,6.13,0.95,3.38,795,1,0,0,"Origin1","Origin1",96,"1"
129,"Origin1",1,13.24,3.98,2.29,17.5,103,2.64,2.63,0.32,1.66,4.36,0.82,3,680,1,0,0,"Origin1","Origin1",97,"1"
130,"Origin1",1,13.29,1.97,2.68,16.8,102,3,3.23,0.31,1.66,6,1.07,2.84,1270,1,0,0,"Origin1","Origin1",128,"1"
134,"Origin1",1,14.23,1.71,2.43,15.6,127,2.8,3.06,0.28,2.29,5.64,1.04,3.92,1065,1,0,0,"Origin1","Origin1",129,"1"
135,"Origin1",1,13.2,1.78,2.14,11.2,100,2.65,2.76,0.26,1.28,4.38,1.05,3.4,1050,0.994,0.004,0.002,"Origin1","Origin1",130,"1"
136,"Origin1",1,13.24,2.59,2.87,21,118,2.8,2.69,0.39,1.82,4.32,1.04,2.93,735,1,0,0,"Origin1","Origin1",131,"1"
137,"Origin1",1,14.2,1.76,2.45,15.2,112,3.27,3.39,0.34,1.97,6.75,1.05,2.85,1450,0.996,0.004,0,"Origin1","Origin1",132,"1"
138,"Origin1",1,13.86,1.35,2.27,16,98,2.98,3.15,0.22,1.85,7.22,1.01,3.55,1045,1,0,0,"Origin1","Origin1",133,"1"
139,"Origin1",1,13.75,1.73,2.41,16,89,2.6,2.76,0.29,1.81,5.6,1.15,2.9,1320,1,0,0,"Origin1","Origin1",134,"1"
140,"Origin1",1,14.38,1.87,2.38,12,102,3.3,3.64,0.29,2.96,7.5,1.2,3,1547,1,0,0,"Origin1","Origin1",135,"1"
141,"Origin1",1,14.19,1.59,2.48,16.5,108,3.3,3.93,0.32,1.86,8.7,1.23,2.82,1680,0.998,0.002,0,"Origin1","Origin1",136,"1"
142,"Origin1",1,13.64,3.1,2.56,15.2,116,2.7,3.03,0.17,1.66,5.1,0.96,3.36,845,1,0,0,"Origin1","Origin1",137,"1"
143,"Origin1",1,13.05,2.05,3.22,25,124,2.63,2.68,0.47,1.92,3.58,1.13,3.2,830,1,0,0,"Origin1","Origin1",138,"1"
144,"Origin1",1,14.02,1.68,2.21,16,96,2.65,2.33,0.26,1.98,4.7,1.04,3.59,1035,1,0,0,"Origin1","Origin1",139,"1"
145,"Origin1",1,13.73,1.5,2.7,22.5,101,3,3.25,0.29,2.38,5.7,1.19,2.71,1285,0.998,0.002,0,"Origin1","Origin1",140,"1"
146,"Origin1",1,13.28,1.64,2.84,15.5,110,2.6,2.68,0.34,1.36,4.6,1.09,2.78,880,1,0,0,"Origin1","Origin1",141,"1"
147,"Origin1",1,13.07,1.5,2.1,15.5,98,2.4,2.64,0.28,1.37,3.7,1.18,2.69,1020,1,0,0,"Origin1","Origin1",142,"1"
148,"Origin1",1,13.56,1.71,2.31,16.2,117,3.15,3.29,0.34,2.34,6.13,0.95,3.38,795,1,0,0,"Origin1","Origin1",188,"1"
149,"Origin1",1,13.88,1.89,2.59,15,101,3.25,3.56,0.17,1.7,5.43,0.88,3.56,1095,1,0,0,"Origin1","Origin1",189,"1"
150,"Origin1",1,13.05,1.77,2.1,17,107,3,3,0.28,2.03,5.04,0.88,3.35,885,1,0,0,"Origin1","Origin1",190,"1"
151,"Origin1",1,13.05,1.73,2.04,12.4,92,2.72,3.27,0.17,2.91,7.2,1.12,2.91,1150,1,0,0,"Origin1","Origin1",191,"1"
152,"Origin1",1,13.29,1.97,2.68,16.8,102,3,3.23,0.31,1.66,6,1.07,2.84,1270,1,0,0,"Origin1","Origin1",192,"1"
153,"Origin1",1,13.72,1.43,2.5,16.7,108,3.4,3.67,0.19,2.04,6.8,0.89,2.87,1285,0.996,0.004,0,"Origin1","Origin1",193,"1"
184,"Origin1",1,14.2,1.76,2.45,15.2,112,3.27,3.39,0.34,1.97,6.75,1.05,2.85,1450,0.998,0.002,0,"Origin1","Origin1",194,"1"
185,"Origin1",1,14.06,2.15,2.61,17.6,121,2.6,2.51,0.31,1.25,5.05,1.06,3.58,1295,1,0,0,"Origin1","Origin1",195,"1"
186,"Origin1",1,14.12,1.48,2.32,16.8,95,2.2,2.43,0.26,1.57,5,1.17,2.82,1280,1,0,0,"Origin1","Origin1",196,"1"
187,"Origin1",1,12.85,1.6,2.52,17.8,95,2.48,2.37,0.26,1.46,3.93,1.09,3.63,1015,1,0,0,"Origin1","Origin1",197,"1"
188,"Origin1",1,13.05,2.05,3.22,25,124,2.63,2.68,0.47,1.92,3.58,1.13,3.2,830,1,0,0,"Origin1","Origin1",198,"1"
189,"Origin1",1,13.87,1.9,2.8,19.4,107,2.95,2.97,0.37,1.76,4.5,1.25,3.4,915,1,0,0,"Origin1","Origin1",199,"1"
190,"Origin1",1,13.73,1.5,2.7,22.5,101,3,3.25,0.29,2.38,5.7,1.19,2.71,1285,1,0,0,"Origin1","Origin1",200,"1"
191,"Origin1",1,13.68,1.83,2.36,17.2,104,2.42,2.69,0.42,1.97,3.84,1.23,2.87,990,1,0,0,"Origin1","Origin1",208,"1"
192,"Origin1",1,13.76,1.53,2.7,19.5,132,2.95,2.74,0.5,1.35,5.4,1.25,3,1235,1,0,0,"Origin1","Origin1",209,"1"
193,"Origin1",1,13.48,1.81,2.41,20.5,100,2.7,2.98,0.26,1.86,5.1,1.04,3.47,920,1,0,0,"Origin1","Origin1",210,"1"
194,"Origin1",1,14.22,3.99,2.51,13.2,128,3,3.04,0.2,2.08,5.1,0.89,3.53,760,0.994,0.004,0.002,"Origin1","Origin1",211,"1"
195,"Origin1",1,13.41,3.84,2.12,18.8,90,2.45,2.68,0.27,1.48,4.28,0.91,3,1035,1,0,0,"Origin1","Origin1",212,"1"
196,"Origin1",1,13.24,3.98,2.29,17.5,103,2.64,2.63,0.32,1.66,4.36,0.82,3,680,1,0,0,"Origin1","Origin1",213,"1"
197,"Origin1",1,14.38,3.59,2.28,16,102,3.25,3.17,0.27,2.19,4.9,1.04,3.44,1065,1,0,0,"Origin1","Origin1",214,"1"
198,"Origin1",1,13.29,1.97,2.68,16.8,102,3,3.23,0.31,1.66,6,1.07,2.84,1270,0.996,0.004,0,"Origin1","Origin1",215,"1"
244,"Origin1",1,14.38,1.87,2.38,12,102,3.3,3.64,0.29,2.96,7.5,1.2,3,1547,1,0,0,"Origin1","Origin1",216,"1"
245,"Origin1",1,13.63,1.81,2.7,17.2,112,2.85,2.91,0.3,1.46,7.3,1.28,2.88,1310,1,0,0,"Origin1","Origin1",217,"1"
246,"Origin1",1,13.64,3.1,2.56,15.2,116,2.7,3.03,0.17,1.66,5.1,0.96,3.36,845,1,0,0,"Origin1","Origin1",218,"1"
247,"Origin1",1,14.06,1.63,2.28,16,126,3,3.17,0.24,2.1,5.65,1.09,3.71,780,1,0,0,"Origin1","Origin1",219,"1"
248,"Origin1",1,13.71,1.86,2.36,16.6,101,2.61,2.88,0.27,1.69,3.8,1.11,4,1035,1,0,0,"Origin1","Origin1",220,"1"
249,"Origin1",1,13.05,2.05,3.22,25,124,2.63,2.68,0.47,1.92,3.58,1.13,3.2,830,1,0,0,"Origin1","Origin1",221,"1"
250,"Origin1",1,13.76,1.53,2.7,19.5,132,2.95,2.74,0.5,1.35,5.4,1.25,3,1235,1,0,0,"Origin1","Origin1",222,"1"
251,"Origin1",1,13.07,1.5,2.1,15.5,98,2.4,2.64,0.28,1.37,3.7,1.18,2.69,1020,1,0,0,"Origin1","Origin1",223,"1"
252,"Origin1",1,13.41,3.84,2.12,18.8,90,2.45,2.68,0.27,1.48,4.28,0.91,3,1035,1,0,0,"Origin1","Origin1",224,"1"
253,"Origin1",1,14.21,4.04,2.44,18.9,111,2.85,2.65,0.3,1.25,5.24,0.87,3.33,1080,1,0,0,"Origin1","Origin1",225,"1"
254,"Origin1",1,14.38,3.59,2.28,16,102,3.25,3.17,0.27,2.19,4.9,1.04,3.44,1065,1,0,0,"Origin1","Origin1",226,"1"
255,"Origin1",1,13.77,1.9,2.68,17.1,115,3,2.79,0.39,1.68,6.3,1.13,2.93,1375,1,0,0,"Origin1","Origin1",227,"1"
256,"Origin1",1,14.22,1.7,2.3,16.3,118,3.2,3,0.26,2.03,6.38,0.94,3.31,970,1,0,0,"Origin1","Origin1",228,"1"
264,"Origin1",1,14.23,1.71,2.43,15.6,127,2.8,3.06,0.28,2.29,5.64,1.04,3.92,1065,1,0,0,"Origin1","Origin1",229,"1"
265,"Origin1",1,14.37,1.95,2.5,16.8,113,3.85,3.49,0.24,2.18,7.8,0.86,3.45,1480,1,0,0,"Origin1","Origin1",230,"1"
266,"Origin1",1,14.2,1.76,2.45,15.2,112,3.27,3.39,0.34,1.97,6.75,1.05,2.85,1450,0.996,0.002,0.002,"Origin1","Origin1",231,"1"
267,"Origin1",1,14.12,1.48,2.32,16.8,95,2.2,2.43,0.26,1.57,5,1.17,2.82,1280,1,0,0,"Origin1","Origin1",232,"1"
268,"Origin1",1,13.75,1.73,2.41,16,89,2.6,2.76,0.29,1.81,5.6,1.15,2.9,1320,1,0,0,"Origin1","Origin1",233,"1"
269,"Origin1",1,12.85,1.6,2.52,17.8,95,2.48,2.37,0.26,1.46,3.93,1.09,3.63,1015,1,0,0,"Origin1","Origin1",234,"1"
270,"Origin1",1,13.5,1.81,2.61,20,96,2.53,2.61,0.28,1.66,3.52,1.12,3.82,845,1,0,0,"Origin1","Origin1",235,"1"
271,"Origin1",1,13.05,2.05,3.22,25,124,2.63,2.68,0.47,1.92,3.58,1.13,3.2,830,1,0,0,"Origin1","Origin1",236,"1"
272,"Origin1",1,13.39,1.77,2.62,16.1,93,2.85,2.94,0.34,1.45,4.8,0.92,3.22,1195,1,0,0,"Origin1","Origin1",237,"1"
273,"Origin1",1,13.3,1.72,2.14,17,94,2.4,2.19,0.27,1.35,3.95,1.02,2.77,1285,1,0,0,"Origin1","Origin1",238,"1"
274,"Origin1",1,13.87,1.9,2.8,19.4,107,2.95,2.97,0.37,1.76,4.5,1.25,3.4,915,1,0,0,"Origin1","Origin1",239,"1"
275,"Origin1",1,13.58,1.66,2.36,19.1,106,2.86,3.19,0.22,1.95,6.9,1.09,2.88,1515,1,0,0,"Origin1","Origin1",240,"1"
276,"Origin1",1,13.68,1.83,2.36,17.2,104,2.42,2.69,0.42,1.97,3.84,1.23,2.87,990,1,0,0,"Origin1","Origin1",276,"1"
277,"Origin1",1,13.51,1.8,2.65,19,110,2.35,2.53,0.29,1.54,4.2,1.1,2.87,1095,0.988,0.012,0,"Origin1","Origin1",277,"1"
278,"Origin1",1,13.88,1.89,2.59,15,101,3.25,3.56,0.17,1.7,5.43,0.88,3.56,1095,1,0,0,"Origin1","Origin1",278,"1"
279,"Origin1",1,13.77,1.9,2.68,17.1,115,3,2.79,0.39,1.68,6.3,1.13,2.93,1375,1,0,0,"Origin1","Origin1",279,"1"
280,"Origin1",1,13.74,1.67,2.25,16.4,118,2.6,2.9,0.21,1.62,5.85,0.92,3.2,1060,1,0,0,"Origin1","Origin1",280,"1"
321,"Origin1",1,14.23,1.71,2.43,15.6,127,2.8,3.06,0.28,2.29,5.64,1.04,3.92,1065,1,0,0,"Origin1","Origin1",321,"1"
322,"Origin1",1,13.2,1.78,2.14,11.2,100,2.65,2.76,0.26,1.28,4.38,1.05,3.4,1050,1,0,0,"Origin1","Origin1",322,"1"
323,"Origin1",1,14.39,1.87,2.45,14.6,96,2.5,2.52,0.3,1.98,5.25,1.02,3.58,1290,1,0,0,"Origin1","Origin1",323,"1"
324,"Origin1",1,14.1,2.16,2.3,18,105,2.95,3.32,0.22,2.38,5.75,1.25,3.17,1510,1,0,0,"Origin1","Origin1",324,"1"
325,"Origin1",1,14.3,1.92,2.72,20,120,2.8,3.14,0.33,1.97,6.2,1.07,2.65,1280,1,0,0,"Origin1","Origin1",325,"1"
326,"Origin1",1,12.85,1.6,2.52,17.8,95,2.48,2.37,0.26,1.46,3.93,1.09,3.63,1015,1,0,0,"Origin1","Origin1",326,"1"
327,"Origin1",1,13.39,1.77,2.62,16.1,93,2.85,2.94,0.34,1.45,4.8,0.92,3.22,1195,1,0,0,"Origin1","Origin1",327,"1"
328,"Origin1",1,13.87,1.9,2.8,19.4,107,2.95,2.97,0.37,1.76,4.5,1.25,3.4,915,1,0,0,"Origin1","Origin1",328,"1"
329,"Origin1",1,13.76,1.53,2.7,19.5,132,2.95,2.74,0.5,1.35,5.4,1.25,3,1235,0.998,0.002,0,"Origin1","Origin1",329,"1"
330,"Origin1",1,13.28,1.64,2.84,15.5,110,2.6,2.68,0.34,1.36,4.6,1.09,2.78,880,1,0,0,"Origin1","Origin1",330,"1"
331,"Origin1",1,13.07,1.5,2.1,15.5,98,2.4,2.64,0.28,1.37,3.7,1.18,2.69,1020,1,0,0,"Origin1","Origin1",331,"1"
332,"Origin1",1,13.24,3.98,2.29,17.5,103,2.64,2.63,0.32,1.66,4.36,0.82,3,680,0.998,0.002,0,"Origin1","Origin1",332,"1"
333,"Origin1",1,14.38,3.59,2.28,16,102,3.25,3.17,0.27,2.19,4.9,1.04,3.44,1065,1,0,0,"Origin1","Origin1",333,"1"
334,"Origin1",1,13.9,1.68,2.12,16,101,3.1,3.39,0.21,2.14,6.1,0.91,3.33,985,1,0,0,"Origin1","Origin1",334,"1"
335,"Origin1",1,13.05,1.73,2.04,12.4,92,2.72,3.27,0.17,2.91,7.2,1.12,2.91,1150,1,0,0,"Origin1","Origin1",335,"1"
336,"Origin1",1,13.82,1.75,2.42,14,111,3.88,3.74,0.32,1.87,7.05,1.01,3.26,1190,1,0,0,"Origin1","Origin1",336,"1"
337,"Origin1",1,13.72,1.43,2.5,16.7,108,3.4,3.67,0.19,2.04,6.8,0.89,2.87,1285,1,0,0,"Origin1","Origin1",337,"1"
397,"Origin1",1,13.63,1.81,2.7,17.2,112,2.85,2.91,0.3,1.46,7.3,1.28,2.88,1310,1,0,0,"Origin1","Origin1",397,"1"
398,"Origin1",1,13.5,1.81,2.61,20,96,2.53,2.61,0.28,1.66,3.52,1.12,3.82,845,1,0,0,"Origin1","Origin1",398,"1"
399,"Origin1",1,13.68,1.83,2.36,17.2,104,2.42,2.69,0.42,1.97,3.84,1.23,2.87,990,1,0,0,"Origin1","Origin1",399,"1"
400,"Origin1",1,13.76,1.53,2.7,19.5,132,2.95,2.74,0.5,1.35,5.4,1.25,3,1235,0.998,0.002,0,"Origin1","Origin1",400,"1"
401,"Origin1",1,14.22,3.99,2.51,13.2,128,3,3.04,0.2,2.08,5.1,0.89,3.53,760,1,0,0,"Origin1","Origin1",401,"1"
402,"Origin1",1,13.56,1.71,2.31,16.2,117,3.15,3.29,0.34,2.34,6.13,0.95,3.38,795,1,0,0,"Origin1","Origin1",402,"1"
403,"Origin1",1,13.41,3.84,2.12,18.8,90,2.45,2.68,0.27,1.48,4.28,0.91,3,1035,1,0,0,"Origin1","Origin1",403,"1"
404,"Origin1",1,13.05,1.77,2.1,17,107,3,3,0.28,2.03,5.04,0.88,3.35,885,1,0,0,"Origin1","Origin1",404,"1"
405,"Origin1",1,13.94,1.73,2.27,17.4,108,2.88,3.54,0.32,2.08,8.9,1.12,3.1,1260,1,0,0,"Origin1","Origin1",405,"1"
406,"Origin1",1,13.05,1.73,2.04,12.4,92,2.72,3.27,0.17,2.91,7.2,1.12,2.91,1150,1,0,0,"Origin1","Origin1",406,"1"
407,"Origin1",1,13.77,1.9,2.68,17.1,115,3,2.79,0.39,1.68,6.3,1.13,2.93,1375,1,0,0,"Origin1","Origin1",407,"1"
408,"Origin1",1,13.72,1.43,2.5,16.7,108,3.4,3.67,0.19,2.04,6.8,0.89,2.87,1285,1,0,0,"Origin1","Origin1",408,"1"
20,"Origin2",2,12.17,1.45,2.53,19,104,1.89,1.75,0.45,1.03,2.95,1.45,2.23,355,0.002,0.998,0,"Origin2","Origin2",19,"0"
21,"Origin2",2,11.96,1.09,2.3,21,101,3.38,2.14,0.13,1.65,3.21,0.99,3.13,886,0,1,0,"Origin2","Origin2",20,"0"
22,"Origin2",2,11.66,1.88,1.92,16,97,1.61,1.57,0.34,1.15,3.8,1.23,2.14,428,0.006,0.994,0,"Origin2","Origin2",21,"0"
23,"Origin2",2,12.33,0.99,1.95,14.8,136,1.9,1.85,0.35,2.76,3.4,1.06,2.31,750,0,0.992,0.008,"Origin2","Origin2",22,"0"
24,"Origin2",2,12,0.92,2,19,86,2.42,2.26,0.3,1.43,2.5,1.38,3.12,278,0.004,0.996,0,"Origin2","Origin2",23,"0"
25,"Origin2",2,12.08,1.13,2.51,24,78,2,1.58,0.4,1.4,2.2,1.31,2.72,630,0,0.998,0.002,"Origin2","Origin2",24,"0"
26,"Origin2",2,12.16,1.61,2.31,22.8,90,1.78,1.69,0.43,1.56,2.45,1.33,2.26,495,0,1,0,"Origin2","Origin2",25,"0"
27,"Origin2",2,12.08,1.33,2.3,23.6,70,2.2,1.59,0.42,1.38,1.74,1.07,3.21,625,0.006,0.994,0,"Origin2","Origin2",26,"0"
28,"Origin2",2,12,1.51,2.42,22,86,1.45,1.25,0.5,1.63,3.6,1.05,2.65,450,0,1,0,"Origin2","Origin2",27,"0"
29,"Origin2",2,12.69,1.53,2.26,20.7,80,1.38,1.46,0.58,1.62,3.05,0.96,2.06,495,0,0.976,0.024,"Origin2","Origin2",28,"0"
30,"Origin2",2,11.81,2.12,2.74,21.5,134,1.6,0.99,0.14,1.56,2.5,0.95,2.26,625,0,1,0,"Origin2","Origin2",29,"0"
31,"Origin2",2,12.29,1.41,1.98,16,85,2.55,2.5,0.29,1.77,2.9,1.23,2.74,428,0,1,0,"Origin2","Origin2",30,"0"
32,"Origin2",2,12.08,2.08,1.7,17.5,97,2.23,2.17,0.26,1.4,3.3,1.27,2.96,710,0,1,0,"Origin2","Origin2",31,"0"
33,"Origin2",2,12.51,1.73,1.98,20.5,85,2.2,1.92,0.32,1.48,2.94,1.04,3.57,672,0,0.998,0.002,"Origin2","Origin2",32,"0"
34,"Origin2",2,12.42,2.55,2.27,22,90,1.68,1.84,0.66,1.42,2.7,0.86,3.3,315,0,0.998,0.002,"Origin2","Origin2",33,"0"
35,"Origin2",2,12.72,1.75,2.28,22.5,84,1.38,1.76,0.48,1.63,3.3,0.88,2.42,488,0.004,0.99,0.006,"Origin2","Origin2",34,"0"
36,"Origin2",2,11.82,1.47,1.99,20.8,86,1.98,1.6,0.3,1.53,1.95,0.95,3.33,495,0,1,0,"Origin2","Origin2",35,"0"
37,"Origin2",2,12.77,3.43,1.98,16,80,1.63,1.25,0.43,0.83,3.4,0.7,2.12,372,0,1,0,"Origin2","Origin2",36,"0"
38,"Origin2",2,11.45,2.4,2.42,20,96,2.9,2.79,0.32,1.83,3.25,0.8,3.39,625,0,1,0,"Origin2","Origin2",37,"0"
39,"Origin2",2,11.56,2.05,3.23,28.5,119,3.18,5.08,0.47,1.87,6,0.93,3.69,465,0,1,0,"Origin2","Origin2",54,"0"
40,"Origin2",2,12.37,1.63,2.3,24.5,88,2.22,2.45,0.4,1.9,2.12,0.89,2.78,342,0,1,0,"Origin2","Origin2",55,"0"
75,"Origin2",2,12.33,1.1,2.28,16,101,2.05,1.09,0.63,0.41,3.27,1.25,1.67,680,0,1,0,"Origin2","Origin2",56,"0"
76,"Origin2",2,12.37,1.13,2.16,19,87,3.5,3.1,0.19,1.87,4.45,1.22,2.87,420,0,1,0,"Origin2","Origin2",57,"0"
77,"Origin2",2,13.11,1.01,1.7,15,78,2.98,3.18,0.26,2.28,5.3,1.12,3.18,502,0,1,0,"Origin2","Origin2",58,"0"
78,"Origin2",2,12.29,1.61,2.21,20.4,103,1.1,1.02,0.37,1.46,3.05,0.906,1.82,870,0,1,0,"Origin2","Origin2",59,"0"
79,"Origin2",2,11.96,1.09,2.3,21,101,3.38,2.14,0.13,1.65,3.21,0.99,3.13,886,0,1,0,"Origin2","Origin2",64,"0"
80,"Origin2",2,13.03,0.9,1.71,16,86,1.95,2.03,0.24,1.46,4.6,1.19,2.48,392,0,1,0,"Origin2","Origin2",65,"0"
81,"Origin2",2,12,0.92,2,19,86,2.42,2.26,0.3,1.43,2.5,1.38,3.12,278,0,0.998,0.002,"Origin2","Origin2",75,"0"
82,"Origin2",2,12.72,1.81,2.2,18.8,86,2.2,2.53,0.26,1.77,3.9,1.16,3.14,714,0,1,0,"Origin2","Origin2",76,"0"
83,"Origin2",2,12.08,1.13,2.51,24,78,2,1.58,0.4,1.4,2.2,1.31,2.72,630,0,1,0,"Origin2","Origin2",77,"0"
84,"Origin2",2,13.05,3.86,2.32,22.5,85,1.65,1.59,0.61,1.62,4.8,0.84,2.01,515,0.002,0.998,0,"Origin2","Origin2",98,"0"
85,"Origin2",2,12.08,1.33,2.3,23.6,70,2.2,1.59,0.42,1.38,1.74,1.07,3.21,625,0,0.998,0.002,"Origin2","Origin2",99,"0"
86,"Origin2",2,12.29,1.41,1.98,16,85,2.55,2.5,0.29,1.77,2.9,1.23,2.74,428,0,1,0,"Origin2","Origin2",100,"0"
87,"Origin2",2,12.6,1.34,1.9,18.5,88,1.45,1.36,0.29,1.35,2.45,1.04,2.77,562,0,1,0,"Origin2","Origin2",101,"0"
88,"Origin2",2,12.42,2.55,2.27,22,90,1.68,1.84,0.66,1.42,2.7,0.86,3.3,315,0,1,0,"Origin2","Origin2",102,"0"
89,"Origin2",2,11.46,3.74,1.82,19.5,107,3.18,2.58,0.24,3.58,2.9,0.75,2.81,562,0,0.998,0.002,"Origin2","Origin2",103,"0"
90,"Origin2",2,11.76,2.68,2.92,20,103,1.75,2.03,0.6,1.05,3.8,1.23,2.5,607,0.002,0.998,0,"Origin2","Origin2",104,"0"
91,"Origin2",2,12.77,3.43,1.98,16,80,1.63,1.25,0.43,0.83,3.4,0.7,2.12,372,0,1,0,"Origin2","Origin2",105,"0"
92,"Origin2",2,11.87,4.31,2.39,21,82,2.86,3.03,0.21,2.91,2.8,0.75,3.64,380,0,1,0,"Origin2","Origin2",106,"0"
93,"Origin2",2,12.43,1.53,2.29,21.5,86,2.74,3.15,0.39,1.77,3.94,0.69,2.84,352,0,0.976,0.024,"Origin2","Origin2",107,"0"
110,"Origin2",2,12.77,3.43,1.98,16,80,1.63,1.25,0.43,0.83,3.4,0.7,2.12,372,0,1,0,"Origin2","Origin2",108,"0"
111,"Origin2",2,12,3.43,2,19,87,2,1.64,0.37,1.87,1.28,0.93,3.05,564,0.024,0.974,0.002,"Origin2","Origin2",109,"0"
112,"Origin2",2,12.42,4.43,2.73,26.5,102,2.2,2.13,0.43,1.71,2.08,0.92,3.12,365,0,0.998,0.002,"Origin2","Origin2",110,"0"
113,"Origin2",2,13.05,5.8,2.13,21.5,86,2.62,2.65,0.3,2.01,2.6,0.73,3.1,380,0.004,0.99,0.006,"Origin2","Origin2",111,"0"
114,"Origin2",2,12.07,2.16,2.17,21,85,2.6,2.65,0.37,1.35,2.76,0.86,3.28,378,0,1,0,"Origin2","Origin2",112,"0"
115,"Origin2",2,12.04,4.3,2.38,22,80,2.1,1.75,0.42,1.35,2.6,0.79,2.57,580,0,1,0,"Origin2","Origin2",113,"0"
120,"Origin2",2,11.79,2.13,2.78,28.5,92,2.13,2.24,0.58,1.76,3,0.97,2.44,466,0,1,0,"Origin2","Origin2",114,"0"
121,"Origin2",2,12.37,1.63,2.3,24.5,88,2.22,2.45,0.4,1.9,2.12,0.89,2.78,342,0,1,0,"Origin2","Origin2",115,"0"
131,"Origin2",2,13.67,1.25,1.92,18,94,2.1,1.79,0.32,0.73,3.8,1.23,2.46,630,0,0.998,0.002,"Origin2","Origin2",143,"0"
132,"Origin2",2,12.17,1.45,2.53,19,104,1.89,1.75,0.45,1.03,2.95,1.45,2.23,355,0,1,0,"Origin2","Origin2",144,"0"
133,"Origin2",2,12.37,1.21,2.56,18.1,98,2.42,2.65,0.37,2.08,4.6,1.19,2.3,678,0.006,0.994,0,"Origin2","Origin2",145,"0"
154,"Origin2",2,12.33,1.1,2.28,16,101,2.05,1.09,0.63,0.41,3.27,1.25,1.67,680,0,1,0,"Origin2","Origin2",146,"0"
155,"Origin2",2,13.67,1.25,1.92,18,94,2.1,1.79,0.32,0.73,3.8,1.23,2.46,630,0.002,0.998,0,"Origin2","Origin2",147,"0"
156,"Origin2",2,12.37,1.13,2.16,19,87,3.5,3.1,0.19,1.87,4.45,1.22,2.87,420,0,1,0,"Origin2","Origin2",148,"0"
157,"Origin2",2,12.37,1.17,1.92,19.6,78,2.11,2,0.27,1.04,4.68,1.12,3.48,510,0,1,0,"Origin2","Origin2",149,"0"
158,"Origin2",2,13.86,1.51,2.67,25,86,2.95,2.86,0.21,1.87,3.38,1.36,3.16,410,0,0.976,0.024,"Origin2","Origin2",150,"0"
159,"Origin2",2,13.03,0.9,1.71,16,86,1.95,2.03,0.24,1.46,4.6,1.19,2.48,392,0,1,0,"Origin2","Origin2",151,"0"
160,"Origin2",2,12.33,0.99,1.95,14.8,136,1.9,1.85,0.35,2.76,3.4,1.06,2.31,750,0,1,0,"Origin2","Origin2",152,"0"
161,"Origin2",2,12.7,3.87,2.4,23,101,2.83,2.55,0.43,1.95,2.57,1.19,3.13,463,0,1,0,"Origin2","Origin2",153,"0"
162,"Origin2",2,12,0.92,2,19,86,2.42,2.26,0.3,1.43,2.5,1.38,3.12,278,0.002,0.998,0,"Origin2","Origin2",154,"0"
163,"Origin2",2,13.05,3.86,2.32,22.5,85,1.65,1.59,0.61,1.62,4.8,0.84,2.01,515,0.024,0.974,0.002,"Origin2","Origin2",155,"0"
164,"Origin2",2,12.67,0.98,2.24,18,99,2.2,1.94,0.3,1.46,2.62,1.23,3.16,450,0,1,0,"Origin2","Origin2",156,"0"
165,"Origin2",2,12.08,2.08,1.7,17.5,97,2.23,2.17,0.26,1.4,3.3,1.27,2.96,710,0,1,0,"Origin2","Origin2",157,"0"
166,"Origin2",2,11.46,3.74,1.82,19.5,107,3.18,2.58,0.24,3.58,2.9,0.75,2.81,562,0.004,0.99,0.006,"Origin2","Origin2",158,"0"
167,"Origin2",2,11.76,2.68,2.92,20,103,1.75,2.03,0.6,1.05,3.8,1.23,2.5,607,0,1,0,"Origin2","Origin2",159,"0"
168,"Origin2",2,12,3.43,2,19,87,2,1.64,0.37,1.87,1.28,0.93,3.05,564,0,1,0,"Origin2","Origin2",160,"0"
169,"Origin2",2,12.42,4.43,2.73,26.5,102,2.2,2.13,0.43,1.71,2.08,0.92,3.12,365,0,1,0,"Origin2","Origin2",161,"0"
170,"Origin2",2,11.87,4.31,2.39,21,82,2.86,3.03,0.21,2.91,2.8,0.75,3.64,380,0,1,0,"Origin2","Origin2",178,"0"
171,"Origin2",2,12.37,1.63,2.3,24.5,88,2.22,2.45,0.4,1.9,2.12,0.89,2.78,342,0,1,0,"Origin2","Origin2",179,"0"
199,"Origin2",2,13.67,1.25,1.92,18,94,2.1,1.79,0.32,0.73,3.8,1.23,2.46,630,0,1,0,"Origin2","Origin2",183,"0"
200,"Origin2",2,12.37,1.21,2.56,18.1,98,2.42,2.65,0.37,2.08,4.6,1.19,2.3,678,0,1,0,"Origin2","Origin2",184,"0"
201,"Origin2",2,13.11,1.01,1.7,15,78,2.98,3.18,0.26,2.28,5.3,1.12,3.18,502,0,1,0,"Origin2","Origin2",201,"0"
202,"Origin2",2,12.99,1.67,2.6,30,139,3.3,2.89,0.21,1.96,3.35,1.31,3.5,985,0.002,0.998,0,"Origin2","Origin2",202,"0"
203,"Origin2",2,11.66,1.88,1.92,16,97,1.61,1.57,0.34,1.15,3.8,1.23,2.14,428,0,1,0,"Origin2","Origin2",203,"0"
204,"Origin2",2,12,0.92,2,19,86,2.42,2.26,0.3,1.43,2.5,1.38,3.12,278,0.006,0.994,0,"Origin2","Origin2",204,"0"
205,"Origin2",2,12.08,1.13,2.51,24,78,2,1.58,0.4,1.4,2.2,1.31,2.72,630,0,1,0,"Origin2","Origin2",205,"0"
206,"Origin2",2,13.05,3.86,2.32,22.5,85,1.65,1.59,0.61,1.62,4.8,0.84,2.01,515,0,0.992,0.008,"Origin2","Origin2",206,"0"
207,"Origin2",2,12.67,0.98,2.24,18,99,2.2,1.94,0.3,1.46,2.62,1.23,3.16,450,0,1,0,"Origin2","Origin2",207,"0"
208,"Origin2",2,11.64,2.06,2.46,21.6,84,1.95,1.69,0.48,1.35,2.8,1,2.75,680,0,1,0,"Origin2","Origin2",241,"0"
209,"Origin2",2,11.62,1.99,2.28,18,98,3.02,2.26,0.17,1.35,3.25,1.16,2.96,345,0.004,0.996,0,"Origin2","Origin2",242,"0"
210,"Origin2",2,12.47,1.52,2.2,19,162,2.5,2.27,0.32,3.28,2.6,1.16,2.63,937,0.002,0.998,0,"Origin2","Origin2",243,"0"
211,"Origin2",2,12.08,2.08,1.7,17.5,97,2.23,2.17,0.26,1.4,3.3,1.27,2.96,710,0.002,0.998,0,"Origin2","Origin2",244,"0"
212,"Origin2",2,12.6,1.34,1.9,18.5,88,1.45,1.36,0.29,1.35,2.45,1.04,2.77,562,0,1,0,"Origin2","Origin2",245,"0"
213,"Origin2",2,12.72,1.75,2.28,22.5,84,1.38,1.76,0.48,1.63,3.3,0.88,2.42,488,0,1,0,"Origin2","Origin2",246,"0"
214,"Origin2",2,11.76,2.68,2.92,20,103,1.75,2.03,0.6,1.05,3.8,1.23,2.5,607,0,1,0,"Origin2","Origin2",247,"0"
215,"Origin2",2,11.03,1.51,2.2,21.5,85,2.46,2.17,0.52,2.01,1.9,1.71,2.87,407,0,1,0,"Origin2","Origin2",248,"0"
216,"Origin2",2,11.82,1.47,1.99,20.8,86,1.98,1.6,0.3,1.53,1.95,0.95,3.33,495,0,0.998,0.002,"Origin2","Origin2",249,"0"
217,"Origin2",2,12.07,2.16,2.17,21,85,2.6,2.65,0.37,1.35,2.76,0.86,3.28,378,0,0.998,0.002,"Origin2","Origin2",250,"0"
234,"Origin2",2,12,3.43,2,19,87,2,1.64,0.37,1.87,1.28,0.93,3.05,564,0,1,0,"Origin2","Origin2",251,"0"
235,"Origin2",2,11.79,2.13,2.78,28.5,92,2.13,2.24,0.58,1.76,3,0.97,2.44,466,0,1,0,"Origin2","Origin2",252,"0"
239,"Origin2",2,11.45,2.4,2.42,20,96,2.9,2.79,0.32,1.83,3.25,0.8,3.39,625,0.024,0.974,0.002,"Origin2","Origin2",253,"0"
240,"Origin2",2,12.07,2.16,2.17,21,85,2.6,2.65,0.37,1.35,2.76,0.86,3.28,378,0,1,0,"Origin2","Origin2",254,"0"
257,"Origin2",2,12.37,0.94,1.36,10.6,88,1.98,0.57,0.28,0.42,1.95,1.05,1.82,520,0,0.998,0.002,"Origin2","Origin2",255,"0"
258,"Origin2",2,12.33,1.1,2.28,16,101,2.05,1.09,0.63,0.41,3.27,1.25,1.67,680,0,1,0,"Origin2","Origin2",256,"0"
259,"Origin2",2,12.17,1.45,2.53,19,104,1.89,1.75,0.45,1.03,2.95,1.45,2.23,355,0,1,0,"Origin2","Origin2",257,"0"
260,"Origin2",2,13.11,1.01,1.7,15,78,2.98,3.18,0.26,2.28,5.3,1.12,3.18,502,0,1,0,"Origin2","Origin2",258,"0"
261,"Origin2",2,12.37,1.17,1.92,19.6,78,2.11,2,0.27,1.04,4.68,1.12,3.48,510,0,1,0,"Origin2","Origin2",259,"0"
262,"Origin2",2,12.29,1.61,2.21,20.4,103,1.1,1.02,0.37,1.46,3.05,0.906,1.82,870,0,1,0,"Origin2","Origin2",260,"0"
263,"Origin2",2,12.99,1.67,2.6,30,139,3.3,2.89,0.21,1.96,3.35,1.31,3.5,985,0,1,0,"Origin2","Origin2",261,"0"
281,"Origin2",2,12.37,0.94,1.36,10.6,88,1.98,0.57,0.28,0.42,1.95,1.05,1.82,520,0,1,0,"Origin2","Origin2",281,"0"
282,"Origin2",2,12.33,1.1,2.28,16,101,2.05,1.09,0.63,0.41,3.27,1.25,1.67,680,0.002,0.998,0,"Origin2","Origin2",282,"0"
283,"Origin2",2,13.67,1.25,1.92,18,94,2.1,1.79,0.32,0.73,3.8,1.23,2.46,630,0,0.998,0.002,"Origin2","Origin2",283,"0"
284,"Origin2",2,12.37,1.13,2.16,19,87,3.5,3.1,0.19,1.87,4.45,1.22,2.87,420,0,1,0,"Origin2","Origin2",284,"0"
285,"Origin2",2,12.17,1.45,2.53,19,104,1.89,1.75,0.45,1.03,2.95,1.45,2.23,355,0,1,0,"Origin2","Origin2",285,"0"
286,"Origin2",2,13.34,0.94,2.36,17,110,2.53,1.3,0.55,0.42,3.17,1.02,1.93,750,0,1,0,"Origin2","Origin2",286,"0"
287,"Origin2",2,12.29,1.61,2.21,20.4,103,1.1,1.02,0.37,1.46,3.05,0.906,1.82,870,0,0.992,0.008,"Origin2","Origin2",287,"0"
288,"Origin2",2,13.49,1.66,2.24,24,87,1.88,1.84,0.27,1.03,3.74,0.98,2.78,472,0,1,0,"Origin2","Origin2",288,"0"
289,"Origin2",2,11.96,1.09,2.3,21,101,3.38,2.14,0.13,1.65,3.21,0.99,3.13,886,0.004,0.996,0,"Origin2","Origin2",289,"0"
290,"Origin2",2,11.66,1.88,1.92,16,97,1.61,1.57,0.34,1.15,3.8,1.23,2.14,428,0.002,0.998,0,"Origin2","Origin2",290,"0"
291,"Origin2",2,11.84,2.89,2.23,18,112,1.72,1.32,0.43,0.95,2.65,0.96,2.52,500,0,0.998,0.002,"Origin2","Origin2",291,"0"
292,"Origin2",2,12.72,1.81,2.2,18.8,86,2.2,2.53,0.26,1.77,3.9,1.16,3.14,714,0.006,0.994,0,"Origin2","Origin2",292,"0"
293,"Origin2",2,11.84,0.89,2.58,18,94,2.2,2.21,0.22,2.35,3.05,0.79,3.08,520,0,0.998,0.002,"Origin2","Origin2",293,"0"
294,"Origin2",2,12.67,0.98,2.24,18,99,2.2,1.94,0.3,1.46,2.62,1.23,3.16,450,0,1,0,"Origin2","Origin2",294,"0"
295,"Origin2",2,12.08,1.33,2.3,23.6,70,2.2,1.59,0.42,1.38,1.74,1.07,3.21,625,0,1,0,"Origin2","Origin2",295,"0"
296,"Origin2",2,12.08,1.83,2.32,18.5,81,1.6,1.5,0.52,1.64,2.4,1.08,2.27,480,0,1,0,"Origin2","Origin2",296,"0"
297,"Origin2",2,12.08,2.08,1.7,17.5,97,2.23,2.17,0.26,1.4,3.3,1.27,2.96,710,0.024,0.974,0.002,"Origin2","Origin2",297,"0"
298,"Origin2",2,11.82,1.72,1.88,19.5,86,2.5,1.64,0.37,1.42,2.06,0.94,2.44,415,0,1,0,"Origin2","Origin2",298,"0"
299,"Origin2",2,12.51,1.73,1.98,20.5,85,2.2,1.92,0.32,1.48,2.94,1.04,3.57,672,0,1,0,"Origin2","Origin2",299,"0"
300,"Origin2",2,12.72,1.75,2.28,22.5,84,1.38,1.76,0.48,1.63,3.3,0.88,2.42,488,0,1,0,"Origin2","Origin2",300,"0"
301,"Origin2",2,12.22,1.29,1.94,19,92,2.36,2.04,0.39,2.08,2.7,0.86,3.02,312,0,1,0,"Origin2","Origin2",301,"0"
302,"Origin2",2,11.61,1.35,2.7,20,94,2.74,2.92,0.29,2.49,2.65,0.96,3.26,680,0.004,0.996,0,"Origin2","Origin2",302,"0"
303,"Origin2",2,12.08,1.39,2.5,22.5,84,2.56,2.29,0.43,1.04,2.9,0.93,3.19,385,0,1,0,"Origin2","Origin2",303,"0"
304,"Origin2",2,12.42,1.61,2.19,22.5,108,2,2.09,0.34,1.61,2.06,1.06,2.96,345,0,1,0,"Origin2","Origin2",304,"0"
305,"Origin2",2,12.77,3.43,1.98,16,80,1.63,1.25,0.43,0.83,3.4,0.7,2.12,372,0,1,0,"Origin2","Origin2",305,"0"
306,"Origin2",2,13.05,5.8,2.13,21.5,86,2.62,2.65,0.3,2.01,2.6,0.73,3.1,380,0,1,0,"Origin2","Origin2",306,"0"
307,"Origin2",2,12.43,1.53,2.29,21.5,86,2.74,3.15,0.39,1.77,3.94,0.69,2.84,352,0,1,0,"Origin2","Origin2",307,"0"
308,"Origin2",2,12.04,4.3,2.38,22,80,2.1,1.75,0.42,1.35,2.6,0.79,2.57,580,0,1,0,"Origin2","Origin2",308,"0"
338,"Origin2",2,13.67,1.25,1.92,18,94,2.1,1.79,0.32,0.73,3.8,1.23,2.46,630,0,0.998,0.002,"Origin2","Origin2",338,"0"
339,"Origin2",2,12.37,1.13,2.16,19,87,3.5,3.1,0.19,1.87,4.45,1.22,2.87,420,0,1,0,"Origin2","Origin2",339,"0"
340,"Origin2",2,13.11,1.01,1.7,15,78,2.98,3.18,0.26,2.28,5.3,1.12,3.18,502,0.006,0.994,0,"Origin2","Origin2",340,"0"
341,"Origin2",2,12.21,1.19,1.75,16.8,151,1.85,1.28,0.14,2.5,2.85,1.28,3.07,718,0,1,0,"Origin2","Origin2",341,"0"
342,"Origin2",2,12.29,1.61,2.21,20.4,103,1.1,1.02,0.37,1.46,3.05,0.906,1.82,870,0,0.992,0.008,"Origin2","Origin2",342,"0"
343,"Origin2",2,12.7,3.87,2.4,23,101,2.83,2.55,0.43,1.95,2.57,1.19,3.13,463,0,1,0,"Origin2","Origin2",343,"0"
344,"Origin2",2,12,0.92,2,19,86,2.42,2.26,0.3,1.43,2.5,1.38,3.12,278,0,1,0,"Origin2","Origin2",344,"0"
345,"Origin2",2,11.84,0.89,2.58,18,94,2.2,2.21,0.22,2.35,3.05,0.79,3.08,520,0,0.998,0.002,"Origin2","Origin2",345,"0"
346,"Origin2",2,12.67,0.98,2.24,18,99,2.2,1.94,0.3,1.46,2.62,1.23,3.16,450,0,1,0,"Origin2","Origin2",346,"0"
347,"Origin2",2,12.16,1.61,2.31,22.8,90,1.78,1.69,0.43,1.56,2.45,1.33,2.26,495,0,1,0,"Origin2","Origin2",347,"0"
348,"Origin2",2,12.08,1.33,2.3,23.6,70,2.2,1.59,0.42,1.38,1.74,1.07,3.21,625,0,1,0,"Origin2","Origin2",348,"0"
349,"Origin2",2,12.08,1.83,2.32,18.5,81,1.6,1.5,0.52,1.64,2.4,1.08,2.27,480,0,1,0,"Origin2","Origin2",349,"0"
350,"Origin2",2,12.69,1.53,2.26,20.7,80,1.38,1.46,0.58,1.62,3.05,0.96,2.06,495,0,0.998,0.002,"Origin2","Origin2",350,"0"
351,"Origin2",2,11.62,1.99,2.28,18,98,3.02,2.26,0.17,1.35,3.25,1.16,2.96,345,0,1,0,"Origin2","Origin2",351,"0"
352,"Origin2",2,12.29,1.41,1.98,16,85,2.55,2.5,0.29,1.77,2.9,1.23,2.74,428,0,1,0,"Origin2","Origin2",352,"0"
353,"Origin2",2,12.08,2.08,1.7,17.5,97,2.23,2.17,0.26,1.4,3.3,1.27,2.96,710,0.024,0.974,0.002,"Origin2","Origin2",353,"0"
354,"Origin2",2,12.72,1.75,2.28,22.5,84,1.38,1.76,0.48,1.63,3.3,0.88,2.42,488,0,1,0,"Origin2","Origin2",354,"0"
355,"Origin2",2,11.61,1.35,2.7,20,94,2.74,2.92,0.29,2.49,2.65,0.96,3.26,680,0.004,0.996,0,"Origin2","Origin2",355,"0"
356,"Origin2",2,12.52,2.43,2.17,21,88,2.55,2.27,0.26,1.22,2,0.9,2.78,325,0,1,0,"Origin2","Origin2",356,"0"
357,"Origin2",2,11.76,2.68,2.92,20,103,1.75,2.03,0.6,1.05,3.8,1.23,2.5,607,0.004,0.99,0.006,"Origin2","Origin2",357,"0"
358,"Origin2",2,11.41,0.74,2.5,21,88,2.48,2.01,0.42,1.44,3.08,1.1,2.31,434,0,1,0,"Origin2","Origin2",358,"0"
359,"Origin2",2,12.08,1.39,2.5,22.5,84,2.56,2.29,0.43,1.04,2.9,0.93,3.19,385,0,1,0,"Origin2","Origin2",359,"0"
360,"Origin2",2,12.77,3.43,1.98,16,80,1.63,1.25,0.43,0.83,3.4,0.7,2.12,372,0,1,0,"Origin2","Origin2",360,"0"
361,"Origin2",2,12.42,4.43,2.73,26.5,102,2.2,2.13,0.43,1.71,2.08,0.92,3.12,365,0,1,0,"Origin2","Origin2",361,"0"
362,"Origin2",2,12.43,1.53,2.29,21.5,86,2.74,3.15,0.39,1.77,3.94,0.69,2.84,352,0,1,0,"Origin2","Origin2",362,"0"
385,"Origin2",2,12.77,3.43,1.98,16,80,1.63,1.25,0.43,0.83,3.4,0.7,2.12,372,0,1,0,"Origin2","Origin2",385,"0"
386,"Origin2",2,12.42,4.43,2.73,26.5,102,2.2,2.13,0.43,1.71,2.08,0.92,3.12,365,0,1,0,"Origin2","Origin2",386,"0"
387,"Origin2",2,11.79,2.13,2.78,28.5,92,2.13,2.24,0.58,1.76,3,0.97,2.44,466,0,1,0,"Origin2","Origin2",387,"0"
392,"Origin2",2,13.05,5.8,2.13,21.5,86,2.62,2.65,0.3,2.01,2.6,0.73,3.1,380,0,1,0,"Origin2","Origin2",392,"0"
393,"Origin2",2,11.79,2.13,2.78,28.5,92,2.13,2.24,0.58,1.76,3,0.97,2.44,466,0,1,0,"Origin2","Origin2",393,"0"
409,"Origin2",2,13.11,1.01,1.7,15,78,2.98,3.18,0.26,2.28,5.3,1.12,3.18,502,0.006,0.994,0,"Origin2","Origin2",409,"0"
410,"Origin2",2,12.37,1.17,1.92,19.6,78,2.11,2,0.27,1.04,4.68,1.12,3.48,510,0,1,0,"Origin2","Origin2",410,"0"
411,"Origin2",2,12.21,1.19,1.75,16.8,151,1.85,1.28,0.14,2.5,2.85,1.28,3.07,718,0,1,0,"Origin2","Origin2",411,"0"
412,"Origin2",2,12.29,1.61,2.21,20.4,103,1.1,1.02,0.37,1.46,3.05,0.906,1.82,870,0,0.992,0.008,"Origin2","Origin2",412,"0"
413,"Origin2",2,13.49,1.66,2.24,24,87,1.88,1.84,0.27,1.03,3.74,0.98,2.78,472,0,1,0,"Origin2","Origin2",413,"0"
41,"Origin3",3,12.86,1.35,2.32,18,122,1.51,1.25,0.21,0.94,4.1,0.76,1.29,630,0,0,1,"Origin3","Origin3",38,"1"
42,"Origin3",3,12.88,2.99,2.4,20,104,1.3,1.22,0.24,0.83,5.4,0.74,1.42,530,0,0.002,0.998,"Origin3","Origin3",39,"1"
43,"Origin3",3,12.51,1.24,2.25,17.5,85,2,0.58,0.6,1.25,5.45,0.75,1.51,650,0,0.002,0.998,"Origin3","Origin3",40,"1"
44,"Origin3",3,13.52,3.17,2.72,23.5,97,1.55,0.52,0.5,0.55,4.35,0.89,2.06,520,0.002,0.004,0.994,"Origin3","Origin3",41,"1"
45,"Origin3",3,13.88,5.04,2.23,20,80,0.98,0.34,0.4,0.68,4.9,0.58,1.33,415,0,0,1,"Origin3","Origin3",42,"1"
46,"Origin3",3,13.32,3.24,2.38,21.5,92,1.93,0.76,0.45,1.25,8.42,0.55,1.62,650,0.006,0.022,0.972,"Origin3","Origin3",43,"1"
47,"Origin3",3,13.11,1.9,2.75,25.5,116,2.2,1.28,0.26,1.56,7.1,0.61,1.33,425,0,0.006,0.994,"Origin3","Origin3",44,"1"
48,"Origin3",3,12.45,3.03,2.64,27,97,1.9,0.58,0.63,1.14,7.5,0.67,1.73,880,0,0.002,0.998,"Origin3","Origin3",45,"1"
49,"Origin3",3,14.34,1.68,2.7,25,98,2.8,1.31,0.53,2.7,13,0.57,1.96,660,0,0,1,"Origin3","Origin3",46,"1"
50,"Origin3",3,13.48,1.67,2.64,22.5,89,2.6,1.1,0.52,2.29,11.75,0.57,1.78,620,0,0,1,"Origin3","Origin3",47,"1"
51,"Origin3",3,12.36,3.83,2.38,21,88,2.3,0.92,0.5,1.04,7.65,0.56,1.58,520,0,0,1,"Origin3","Origin3",48,"1"
52,"Origin3",3,13.4,4.6,2.86,25,112,1.98,0.96,0.27,1.11,8.5,0.67,1.92,630,0,0,1,"Origin3","Origin3",49,"1"
53,"Origin3",3,12.77,2.39,2.28,19.5,86,1.39,0.51,0.48,0.64,9.899999,0.57,1.63,470,0,0,1,"Origin3","Origin3",50,"1"
54,"Origin3",3,14.13,4.1,2.74,24.5,96,2.05,0.76,0.56,1.35,9.2,0.61,1.6,560,0,0,1,"Origin3","Origin3",51,"1"
94,"Origin3",3,12.6,2.46,2.2,18.5,94,1.62,0.66,0.63,0.94,7.1,0.73,1.58,695,0,0.002,0.998,"Origin3","Origin3",52,"1"
95,"Origin3",3,12.93,2.81,2.7,21,96,1.54,0.5,0.53,0.75,4.6,0.77,2.31,600,0,0,1,"Origin3","Origin3",53,"1"
96,"Origin3",3,13.16,3.57,2.15,21,102,1.5,0.55,0.43,1.3,4,0.6,1.68,830,0,0,1,"Origin3","Origin3",60,"1"
97,"Origin3",3,13.11,1.9,2.75,25.5,116,2.2,1.28,0.26,1.56,7.1,0.61,1.33,425,0,0,1,"Origin3","Origin3",61,"1"
98,"Origin3",3,13.17,5.19,2.32,22,93,1.74,0.63,0.61,1.55,7.9,0.6,1.48,725,0,0,1,"Origin3","Origin3",62,"1"
99,"Origin3",3,12.45,3.03,2.64,27,97,1.9,0.58,0.63,1.14,7.5,0.67,1.73,880,0,0,1,"Origin3","Origin3",63,"1"
100,"Origin3",3,13.48,1.67,2.64,22.5,89,2.6,1.1,0.52,2.29,11.75,0.57,1.78,620,0,0,1,"Origin3","Origin3",66,"1"
101,"Origin3",3,12.36,3.83,2.38,21,88,2.3,0.92,0.5,1.04,7.65,0.56,1.58,520,0,0,1,"Origin3","Origin3",67,"1"
102,"Origin3",3,12.96,3.45,2.35,18.5,106,1.39,0.7,0.4,0.94,5.28,0.68,1.75,675,0,0,1,"Origin3","Origin3",116,"1"
103,"Origin3",3,13.78,2.76,2.3,22,90,1.35,0.68,0.41,1.03,9.58,0.7,1.68,615,0,0,1,"Origin3","Origin3",117,"1"
104,"Origin3",3,13.58,2.58,2.69,24.5,105,1.55,0.84,0.39,1.54,8.66,0.74,1.8,750,0.002,0,0.998,"Origin3","Origin3",118,"1"
105,"Origin3",3,12.2,3.03,2.32,19,96,1.25,0.49,0.4,0.73,5.5,0.66,1.83,510,0,0.002,0.998,"Origin3","Origin3",119,"1"
106,"Origin3",3,14.16,2.51,2.48,20,91,1.68,0.7,0.44,1.24,9.7,0.62,1.71,660,0.01,0.002,0.988,"Origin3","Origin3",120,"1"
107,"Origin3",3,13.71,5.65,2.45,20.5,95,1.68,0.61,0.52,1.06,7.7,0.64,1.74,740,0,0.024,0.976,"Origin3","Origin3",121,"1"
108,"Origin3",3,13.17,2.59,2.37,20,120,1.65,0.68,0.53,1.46,9.3,0.6,1.62,840,0,0,1,"Origin3","Origin3",122,"1"
109,"Origin3",3,14.13,4.1,2.74,24.5,96,2.05,0.76,0.56,1.35,9.2,0.61,1.6,560,0,0.002,0.998,"Origin3","Origin3",123,"1"
116,"Origin3",3,12.88,2.99,2.4,20,104,1.3,1.22,0.24,0.83,5.4,0.74,1.42,530,0.002,0.004,0.994,"Origin3","Origin3",124,"1"
117,"Origin3",3,12.81,2.31,2.4,24,98,1.15,1.09,0.27,0.83,5.7,0.66,1.36,560,0,0,1,"Origin3","Origin3",125,"1"
118,"Origin3",3,12.6,2.46,2.2,18.5,94,1.62,0.66,0.63,0.94,7.1,0.73,1.58,695,0.006,0.022,0.972,"Origin3","Origin3",126,"1"
119,"Origin3",3,12.25,4.72,2.54,21,89,1.38,0.47,0.53,0.8,3.85,0.75,1.27,720,0,0,1,"Origin3","Origin3",127,"1"
122,"Origin3",3,12.51,1.24,2.25,17.5,85,2,0.58,0.6,1.25,5.45,0.75,1.51,650,0,0,1,"Origin3","Origin3",162,"1"
123,"Origin3",3,12.53,5.51,2.64,25,96,1.79,0.6,0.63,1.1,5,0.82,1.69,515,0,0,1,"Origin3","Origin3",163,"1"
172,"Origin3",3,12.86,1.35,2.32,18,122,1.51,1.25,0.21,0.94,4.1,0.76,1.29,630,0,0,1,"Origin3","Origin3",164,"1"
173,"Origin3",3,12.88,2.99,2.4,20,104,1.3,1.22,0.24,0.83,5.4,0.74,1.42,530,0,0,1,"Origin3","Origin3",165,"1"
174,"Origin3",3,12.84,2.96,2.61,24,101,2.32,0.6,0.53,0.81,4.92,0.89,2.15,590,0,0,1,"Origin3","Origin3",166,"1"
175,"Origin3",3,12.93,2.81,2.7,21,96,1.54,0.5,0.53,0.75,4.6,0.77,2.31,600,0,0.006,0.994,"Origin3","Origin3",167,"1"
176,"Origin3",3,13.36,2.56,2.35,20,89,1.4,0.5,0.37,0.64,5.6,0.7,2.47,780,0.006,0.022,0.972,"Origin3","Origin3",168,"1"
177,"Origin3",3,13.88,5.04,2.23,20,80,0.98,0.34,0.4,0.68,4.9,0.58,1.33,415,0,0.006,0.994,"Origin3","Origin3",169,"1"
178,"Origin3",3,12.87,4.61,2.48,21.5,86,1.7,0.65,0.47,0.86,7.65,0.54,1.86,625,0,0.002,0.998,"Origin3","Origin3",170,"1"
179,"Origin3",3,13.08,3.9,2.36,21.5,113,1.41,1.39,0.34,1.14,9.4,0.57,1.33,550,0.002,0,0.998,"Origin3","Origin3",171,"1"
180,"Origin3",3,13.11,1.9,2.75,25.5,116,2.2,1.28,0.26,1.56,7.1,0.61,1.33,425,0,0,1,"Origin3","Origin3",172,"1"
181,"Origin3",3,13.84,4.12,2.38,19.5,89,1.8,0.83,0.48,1.56,9.01,0.57,1.64,480,0,0,1,"Origin3","Origin3",173,"1"
182,"Origin3",3,12.45,3.03,2.64,27,97,1.9,0.58,0.63,1.14,7.5,0.67,1.73,880,0,0,1,"Origin3","Origin3",174,"1"
183,"Origin3",3,13.27,4.28,2.26,20,120,1.59,0.69,0.43,1.35,10.2,0.59,1.56,835,0,0,1,"Origin3","Origin3",175,"1"
218,"Origin3",3,12.86,1.35,2.32,18,122,1.51,1.25,0.21,0.94,4.1,0.76,1.29,630,0,0,1,"Origin3","Origin3",176,"1"
219,"Origin3",3,12.88,2.99,2.4,20,104,1.3,1.22,0.24,0.83,5.4,0.74,1.42,530,0,0,1,"Origin3","Origin3",177,"1"
220,"Origin3",3,12.7,3.55,2.36,21.5,106,1.7,1.2,0.17,0.84,5,0.78,1.29,600,0,0,1,"Origin3","Origin3",180,"1"
221,"Origin3",3,13.52,3.17,2.72,23.5,97,1.55,0.52,0.5,0.55,4.35,0.89,2.06,520,0,0,1,"Origin3","Origin3",181,"1"
222,"Origin3",3,12.87,4.61,2.48,21.5,86,1.7,0.65,0.47,0.86,7.65,0.54,1.86,625,0,0,1,"Origin3","Origin3",182,"1"
223,"Origin3",3,13.5,3.12,2.62,24,123,1.4,1.57,0.22,1.25,8.6,0.59,1.3,500,0,0,1,"Origin3","Origin3",185,"1"
224,"Origin3",3,12.45,3.03,2.64,27,97,1.9,0.58,0.63,1.14,7.5,0.67,1.73,880,0,0,1,"Origin3","Origin3",186,"1"
225,"Origin3",3,13.48,1.67,2.64,22.5,89,2.6,1.1,0.52,2.29,11.75,0.57,1.78,620,0,0,1,"Origin3","Origin3",187,"1"
226,"Origin3",3,13.69,3.26,2.54,20,107,1.83,0.56,0.5,0.8,5.88,0.96,1.82,680,0,0,1,"Origin3","Origin3",262,"1"
227,"Origin3",3,13.45,3.7,2.6,23,111,1.7,0.92,0.43,1.46,10.68,0.85,1.56,695,0,0,1,"Origin3","Origin3",263,"1"
228,"Origin3",3,12.82,3.37,2.3,19.5,88,1.48,0.66,0.4,0.97,10.26,0.72,1.75,685,0,0,1,"Origin3","Origin3",264,"1"
229,"Origin3",3,12.2,3.03,2.32,19,96,1.25,0.49,0.4,0.73,5.5,0.66,1.83,510,0,0,1,"Origin3","Origin3",265,"1"
230,"Origin3",3,14.16,2.51,2.48,20,91,1.68,0.7,0.44,1.24,9.7,0.62,1.71,660,0,0.024,0.976,"Origin3","Origin3",266,"1"
231,"Origin3",3,13.71,5.65,2.45,20.5,95,1.68,0.61,0.52,1.06,7.7,0.64,1.74,740,0,0,1,"Origin3","Origin3",267,"1"
232,"Origin3",3,13.4,3.91,2.48,23,102,1.8,0.75,0.43,1.41,7.3,0.7,1.56,750,0.002,0.004,0.994,"Origin3","Origin3",268,"1"
233,"Origin3",3,13.27,4.28,2.26,20,120,1.59,0.69,0.43,1.35,10.2,0.59,1.56,835,0.006,0.022,0.972,"Origin3","Origin3",269,"1"
236,"Origin3",3,12.86,1.35,2.32,18,122,1.51,1.25,0.21,0.94,4.1,0.76,1.29,630,0.002,0.002,0.996,"Origin3","Origin3",270,"1"
237,"Origin3",3,12.88,2.99,2.4,20,104,1.3,1.22,0.24,0.83,5.4,0.74,1.42,530,0,0.006,0.994,"Origin3","Origin3",271,"1"
238,"Origin3",3,12.53,5.51,2.64,25,96,1.79,0.6,0.63,1.1,5,0.82,1.69,515,0,0.002,0.998,"Origin3","Origin3",272,"1"
241,"Origin3",3,12.86,1.35,2.32,18,122,1.51,1.25,0.21,0.94,4.1,0.76,1.29,630,0,0,1,"Origin3","Origin3",273,"1"
242,"Origin3",3,12.6,2.46,2.2,18.5,94,1.62,0.66,0.63,0.94,7.1,0.73,1.58,695,0,0.002,0.998,"Origin3","Origin3",274,"1"
243,"Origin3",3,12.25,4.72,2.54,21,89,1.38,0.47,0.53,0.8,3.85,0.75,1.27,720,0,0,1,"Origin3","Origin3",275,"1"
309,"Origin3",3,13.36,2.56,2.35,20,89,1.4,0.5,0.37,0.64,5.6,0.7,2.47,780,0.01,0.002,0.988,"Origin3","Origin3",309,"1"
310,"Origin3",3,12.25,3.88,2.2,18.5,112,1.38,0.78,0.29,1.14,8.21,0.65,2,855,0,0,1,"Origin3","Origin3",310,"1"
311,"Origin3",3,13.88,5.04,2.23,20,80,0.98,0.34,0.4,0.68,4.9,0.58,1.33,415,0,0.024,0.976,"Origin3","Origin3",311,"1"
312,"Origin3",3,12.87,4.61,2.48,21.5,86,1.7,0.65,0.47,0.86,7.65,0.54,1.86,625,0,0,1,"Origin3","Origin3",312,"1"
313,"Origin3",3,13.23,3.3,2.28,18.5,98,1.8,0.83,0.61,1.87,10.52,0.56,1.51,675,0,0,1,"Origin3","Origin3",313,"1"
314,"Origin3",3,13.17,5.19,2.32,22,93,1.74,0.63,0.61,1.55,7.9,0.6,1.48,725,0,0,1,"Origin3","Origin3",314,"1"
315,"Origin3",3,12.45,3.03,2.64,27,97,1.9,0.58,0.63,1.14,7.5,0.67,1.73,880,0.006,0.022,0.972,"Origin3","Origin3",315,"1"
316,"Origin3",3,13.48,1.67,2.64,22.5,89,2.6,1.1,0.52,2.29,11.75,0.57,1.78,620,0,0.006,0.994,"Origin3","Origin3",316,"1"
317,"Origin3",3,12.85,3.27,2.58,22,106,1.65,0.6,0.6,0.96,5.58,0.87,2.11,570,0,0.004,0.996,"Origin3","Origin3",317,"1"
318,"Origin3",3,12.96,3.45,2.35,18.5,106,1.39,0.7,0.4,0.94,5.28,0.68,1.75,675,0,0,1,"Origin3","Origin3",318,"1"
319,"Origin3",3,14.16,2.51,2.48,20,91,1.68,0.7,0.44,1.24,9.7,0.62,1.71,660,0,0,1,"Origin3","Origin3",319,"1"
320,"Origin3",3,14.13,4.1,2.74,24.5,96,2.05,0.76,0.56,1.35,9.2,0.61,1.6,560,0,0,1,"Origin3","Origin3",320,"1"
363,"Origin3",3,12.88,2.99,2.4,20,104,1.3,1.22,0.24,0.83,5.4,0.74,1.42,530,0,0,1,"Origin3","Origin3",363,"1"
364,"Origin3",3,12.81,2.31,2.4,24,98,1.15,1.09,0.27,0.83,5.7,0.66,1.36,560,0,0,1,"Origin3","Origin3",364,"1"
365,"Origin3",3,12.7,3.55,2.36,21.5,106,1.7,1.2,0.17,0.84,5,0.78,1.29,600,0,0,1,"Origin3","Origin3",365,"1"
366,"Origin3",3,12.53,5.51,2.64,25,96,1.79,0.6,0.63,1.1,5,0.82,1.69,515,0,0,1,"Origin3","Origin3",366,"1"
367,"Origin3",3,13.49,3.59,2.19,19.5,88,1.62,0.48,0.58,0.88,5.7,0.81,1.82,580,0,0,1,"Origin3","Origin3",367,"1"
368,"Origin3",3,13.36,2.56,2.35,20,89,1.4,0.5,0.37,0.64,5.6,0.7,2.47,780,0.01,0.002,0.988,"Origin3","Origin3",368,"1"
369,"Origin3",3,13.62,4.95,2.35,20,92,2,0.8,0.47,1.02,4.4,0.91,2.05,550,0,0.002,0.998,"Origin3","Origin3",369,"1"
370,"Origin3",3,13.16,3.57,2.15,21,102,1.5,0.55,0.43,1.3,4,0.6,1.68,830,0,0.002,0.998,"Origin3","Origin3",370,"1"
371,"Origin3",3,13.88,5.04,2.23,20,80,0.98,0.34,0.4,0.68,4.9,0.58,1.33,415,0,0.024,0.976,"Origin3","Origin3",371,"1"
372,"Origin3",3,13.5,3.12,2.62,24,123,1.4,1.57,0.22,1.25,8.6,0.59,1.3,500,0,0.006,0.994,"Origin3","Origin3",372,"1"
373,"Origin3",3,12.58,1.29,2.1,20,103,1.48,0.58,0.53,1.4,7.6,0.58,1.55,640,0,0,1,"Origin3","Origin3",373,"1"
374,"Origin3",3,13.17,5.19,2.32,22,93,1.74,0.63,0.61,1.55,7.9,0.6,1.48,725,0,0,1,"Origin3","Origin3",374,"1"
375,"Origin3",3,12.36,3.83,2.38,21,88,2.3,0.92,0.5,1.04,7.65,0.56,1.58,520,0,0.002,0.998,"Origin3","Origin3",375,"1"
376,"Origin3",3,13.69,3.26,2.54,20,107,1.83,0.56,0.5,0.8,5.88,0.96,1.82,680,0,0.002,0.998,"Origin3","Origin3",376,"1"
377,"Origin3",3,12.85,3.27,2.58,22,106,1.65,0.6,0.6,0.96,5.58,0.87,2.11,570,0,0.004,0.996,"Origin3","Origin3",377,"1"
378,"Origin3",3,12.96,3.45,2.35,18.5,106,1.39,0.7,0.4,0.94,5.28,0.68,1.75,675,0,0,1,"Origin3","Origin3",378,"1"
379,"Origin3",3,13.45,3.7,2.6,23,111,1.7,0.92,0.43,1.46,10.68,0.85,1.56,695,0.002,0,0.998,"Origin3","Origin3",379,"1"
380,"Origin3",3,12.2,3.03,2.32,19,96,1.25,0.49,0.4,0.73,5.5,0.66,1.83,510,0,0,1,"Origin3","Origin3",380,"1"
381,"Origin3",3,14.16,2.51,2.48,20,91,1.68,0.7,0.44,1.24,9.7,0.62,1.71,660,0,0,1,"Origin3","Origin3",381,"1"
382,"Origin3",3,13.71,5.65,2.45,20.5,95,1.68,0.61,0.52,1.06,7.7,0.64,1.74,740,0,0,1,"Origin3","Origin3",382,"1"
383,"Origin3",3,13.17,2.59,2.37,20,120,1.65,0.68,0.53,1.46,9.3,0.6,1.62,840,0,0.002,0.998,"Origin3","Origin3",383,"1"
384,"Origin3",3,14.13,4.1,2.74,24.5,96,2.05,0.76,0.56,1.35,9.2,0.61,1.6,560,0,0,1,"Origin3","Origin3",384,"1"
388,"Origin3",3,12.86,1.35,2.32,18,122,1.51,1.25,0.21,0.94,4.1,0.76,1.29,630,0,0,1,"Origin3","Origin3",388,"1"
389,"Origin3",3,12.51,1.24,2.25,17.5,85,2,0.58,0.6,1.25,5.45,0.75,1.51,650,0,0,1,"Origin3","Origin3",389,"1"
390,"Origin3",3,12.25,4.72,2.54,21,89,1.38,0.47,0.53,0.8,3.85,0.75,1.27,720,0,0,1,"Origin3","Origin3",390,"1"
391,"Origin3",3,12.53,5.51,2.64,25,96,1.79,0.6,0.63,1.1,5,0.82,1.69,515,0,0,1,"Origin3","Origin3",391,"1"
394,"Origin3",3,12.81,2.31,2.4,24,98,1.15,1.09,0.27,0.83,5.7,0.66,1.36,560,0,0,1,"Origin3","Origin3",394,"1"
395,"Origin3",3,12.6,2.46,2.2,18.5,94,1.62,0.66,0.63,0.94,7.1,0.73,1.58,695,0,0,1,"Origin3","Origin3",395,"1"
396,"Origin3",3,12.53,5.51,2.64,25,96,1.79,0.6,0.63,1.1,5,0.82,1.69,515,0,0,1,"Origin3","Origin3",396,"1"
